{
  "AFG": 19766269.557782978,
  "AGO": 85873591.30406815,
  "ALB": 10260684.943120033,
  "AND": 237860.7708674513,
  "ARG": 438756091.72419137,
  "ARM": 14091443.484861793,
  "ATG": 899258.1235319439,
  "AUS": 1172702612.7626038,
  "AUT": 61825292.18984419,
  "AZE": 86141325.22242059,
  "BDI": 6790940.475143676,
  "BEL": 94176539.48572387,
  "BEN": 11356105.657946615,
  "BFA": 20848644.424007047,
  "BGD": 199479161.25796387,
  "BGR": 56145047.71756831,
  "BHR": 52334926.27911891,
  "BHS": 6107363.247557598,
  "BIH": 31650562.65021215,
  "BLR": 57607266.50688875,
  "BLZ": 2432257.0802453784,
  "BOL": 164850108.69028527,
  "BRA": 1378398451.5529459,
  "BRB": 2026980.1940185903,
  "BRN": 14703086.895345561,
  "BTN": 3506032.067111072,
  "BWA": 22198355.150148626,
  "CAF": 8375769.138653014,
  "CAN": 1047551525.0446017,
  "CHL": 110176440.89789703,
  "CHN": 12066835797.529373,
  "CIV": 99324901.38331704,
  "CMR": 67545503.94638899,
  "COD": 44553826.191780895,
  "COK": 141333.7989244378,
  "COL": 164431375.77695236,
  "COM": 599036.8072118365,
  "CPV": 1409912.9209031365,
  "CRI": 12905482.433152717,
  "CUB": 32531519.63691937,
  "CYP": 6547876.277457911,
  "CZE": 90605586.40205665,
  "DJI": 2044363.8522977717,
  "DMA": 351695.1681606116,
  "DNK": 42749271.07144922,
  "DOM": 33364132.218263343,
  "DZA": 286604916.13065535,
  "HRV": 23972420.844871312,
  "KHM": 52691134.985339135,
  "TCD": 60404408.224933125,
  "DEU": 698949313.1837318,
  "ECU": 59650445.813803,
  "EGY": 309940451.1635832,
  "ERI": 5938208.409529425,
  "EST": 19045138.606046718,
  "ETH": 178759168.31446403,
  "FIN": 100536343.97971112,
  "FJI": 3043259.178826454,
  "FRA": 392132716.81965524,
  "GAB": 26224575.410924062,
  "GEO": 22494428.852064647,
  "GHA": 72366204.4915937,
  "GIN": 31153771.934530657,
  "GMB": 3076049.165656945,
  "GNB": 3041394.2138795992,
  "GNQ": 14548870.00458557,
  "GRC": 92367362.47907218,
  "GRD": 492508.81640735513,
  "GTM": 31783699.938020412,
  "GUY": 8746221.751367245,
  "HND": 18453157.669200744,
  "HTI": 7818001.272288306,
  "HUN": 56050460.743221544,
  "IDN": 840706464.2782867,
  "IND": 2735805814.7234473,
  "IRL": 50525066.71902887,
  "IRN": 1020651513.8194635,
  "IRQ": 317841876.24943423,
  "ISL": 14275372.567531168,
  "ISR": 68253564.673898,
  "ITA": 347880170.8340476,
  "JAM": 9022037.156595483,
  "JOR": 27462867.783046924,
  "JPN": 1185281472.1090593,
  "KAZ": 274161973.3085953,
  "KEN": 108596593.00567023,
  "KGZ": 19162665.544792555,
  "KIR": 296105.8242616226,
  "KWT": 146194661.2379885,
  "LAO": 30358666.58009798,
  "LBN": 19512079.19299981,
  "LBR": 52647365.80885935,
  "LBY": 96471333.1555902,
  "LIE": 142333.61370947413,
  "LSO": 6259655.106132675,
  "LTU": 18712205.75657344,
  "LUX": 5574082.680877306,
  "LVA": 15778859.734463787,
  "SLV": 11286213.802525347,
  "SWZ": 4184455.4319129805,
  "COG": 51596420.92548413,
  "FSM": 258224.69298298025,
  "KNA": 422612.80339189497,
  "LCA": 668338.2011349213,
  "MAR": 77281305.25759034,
  "MDA": 25770328.153268937,
  "MDG": 47407983.81434348,
  "MDV": 1820847.2706295047,
  "MEX": 730490421.1834354,
  "MHL": 272838.6054361114,
  "MKD": 9905117.6544304,
  "MLI": 47769746.97243332,
  "MLT": 4823665.661772036,
  "MMR": 97546491.8599428,
  "MNE": 6026033.444366604,
  "MNG": 41008995.576973334,
  "MOZ": 57960929.18871307,
  "MRT": 12658263.491278928,
  "MUS": 7710464.622825673,
  "MWI": 16322867.025115233,
  "MYS": 294371886.90024537,
  "NAM": 36441884.33647147,
  "NER": 39751761.09545499,
  "NGA": 259037205.39850017,
  "NIC": 17162923.79758078,
  "NIU": 23049.89458190538,
  "NLD": 160002353.69304863,
  "NOR": 166048618.13727918,
  "NPL": 23278161.54804577,
  "NRU": 29411.90672715743,
  "NZL": 80025333.6582209,
  "OMN": 138970461.66068715,
  "PAK": 325880843.6670602,
  "PAN": 39567061.98077002,
  "PER": 93132300.68846838,
  "PHL": 274537505.5754437,
  "PLW": 196658.75418486842,
  "PNG": 25402300.627451167,
  "POL": 334413238.5781012,
  "PRK": 58645807.704269394,
  "PRT": 72254364.76480122,
  "PRY": 87135524.87214644,
  "QAT": 224809419.1202084,
  "ROU": 90969934.82277252,
  "RUS": 2832600675.129153,
  "RWA": 9142812.985914834,
  "SAU": 727015183.4987489,
  "STP": 262930.4353144754,
  "VCT": 464775.856198705,
  "WSM": 391277.2419163125,
  "ARE": 298246977.51747924,
  "CHE": 30929868.363210477,
  "ESP": 270490297.0168987,
  "GBR": 363412250.41371673,
  "KOR": 595104498.245352,
  "LKA": 38908062.79411743,
  "SDN": 74733314.05184194,
  "SEN": 26972619.179787647,
  "SGP": 103282967.13423774,
  "SLB": 826341.1131302142,
  "SLE": 7923817.55338256,
  "SOM": 19226566.28265943,
  "SRB": 55962767.43834943,
  "SSD": 67972377.88136896,
  "SUR": 4722902.241916819,
  "SVK": 31463680.53619522,
  "SVN": 13712046.207309332,
  "SWE": 123717505.34613334,
  "SYC": 1130479.6062905453,
  "SYR": 45201194.17562437,
  "TGO": 6892539.105235449,
  "THA": 410252344.400263,
  "TJK": 13468999.773859287,
  "TKM": 122977779.04345913,
  "TLS": 4312899.102850426,
  "TON": 578957.2493791047,
  "TTO": 34010890.345418416,
  "TUN": 45320754.78891343,
  "TUR": 576028850.9049947,
  "TUV": 38754.95258162039,
  "TZA": 242654298.55816337,
  "UGA": 43558896.62207869,
  "UKR": 287934253.56411105,
  "URY": 37294025.98397144,
  "USA": 6003968351.432411,
  "UZB": 171144789.85872993,
  "VEN": 243107041.30752757,
  "VNM": 409321239.0005681,
  "VUT": 563563.8603217386,
  "YEM": 21049698.220509794,
  "ZAF": 478215971.2279909,
  "ZMB": 71564752.49321176,
  "ZWE": 44235726.27521446
}