{
  "AFG": 18252250.54206118,
  "AGO": -104196187.32893175,
  "ALB": 6821878.094330034,
  "AND": 170797.7808674517,
  "ARG": 386894056.7003077,
  "ARM": 10048035.306661785,
  "ATG": 898708.2945319441,
  "AUS": 1171713318.5224068,
  "AUT": 54172801.40114421,
  "AZE": 65846947.6887789,
  "BDI": 6548946.691068676,
  "BEL": 94176539.48572387,
  "BEN": -4050322.0636203783,
  "BFA": 997017.6990770604,
  "BGD": 199141767.46824884,
  "BGR": 46102767.88280832,
  "BHR": 52334583.05866891,
  "BHS": -2259448.2914123978,
  "BIH": 22985625.23691614,
  "BLR": 14377974.21888872,
  "BLZ": -5410399.334754624,
  "BOL": 141757269.00065228,
  "BRA": -51533734.996792495,
  "BRB": 2026980.1940185903,
  "BRN": 14703086.895345561,
  "BTN": 3107599.807788075,
  "BWA": -26090877.554381378,
  "CAF": -35941134.08134696,
  "CAN": 729083734.4146016,
  "CHL": 39245749.934735075,
  "CHN": 11799970504.749493,
  "CIV": 99324901.38331704,
  "CMR": 61502895.474958986,
  "COD": -144342936.95372495,
  "COK": 141333.7989244378,
  "COL": 46295307.43555196,
  "COM": 499097.3270118356,
  "CPV": 699276.8327631386,
  "CRI": 6195356.0765727265,
  "CUB": 7425107.231419377,
  "CYP": 5414154.640454211,
  "CZE": 90605586.40205665,
  "DJI": 2034156.5864617717,
  "DMA": 350455.4074206116,
  "DNK": 42682206.917653225,
  "DOM": 32056821.117818244,
  "DZA": 277490011.3256308,
  "HRV": 23923601.170074113,
  "KHM": 44717636.060844555,
  "TCD": 8829863.729458129,
  "DEU": 698949313.1837318,
  "ECU": 48040573.05213362,
  "EGY": 309625057.9320965,
  "ERI": 5838937.143349425,
  "EST": 19045138.606046718,
  "ETH": 178759168.31446403,
  "FIN": 100536343.97971112,
  "FJI": -9219439.766573573,
  "FRA": 359657721.7540623,
  "GAB": -10430483.255775774,
  "GEO": -10654770.197280355,
  "GHA": 53273948.63117711,
  "GIN": -36465605.29897932,
  "GMB": 1738258.6859002493,
  "GNB": -9934791.911710398,
  "GNQ": 14301566.935171569,
  "GRC": 68050626.83058216,
  "GRD": 170181.15110735514,
  "GTM": 21157378.58992737,
  "GUY": -3695715.46687259,
  "HND": -10278186.226517623,
  "HTI": 7605613.1645983085,
  "HUN": 56050460.743221544,
  "IDN": 777195545.7812262,
  "IND": 2633717135.457643,
  "IRL": 3232873.8755071852,
  "IRN": 971745022.1562548,
  "IRQ": 314976285.2408923,
  "ISL": 14275372.567531168,
  "ISR": 68157422.408623,
  "ITA": 280134907.4523375,
  "JAM": 7880110.806295481,
  "JOR": 27462665.772037223,
  "JPN": 1173423814.7584004,
  "KAZ": 119567020.92658813,
  "KEN": 108255614.87349294,
  "KGZ": 7834103.779603557,
  "KIR": 296105.8242616226,
  "KWT": 146194661.2379885,
  "LAO": 5447910.8222119445,
  "LBN": 19511431.13069348,
  "LBR": 52646702.490339346,
  "LBY": 96431727.9884972,
  "LIE": 72319.7627100747,
  "LSO": 6246527.647462674,
  "LTU": 2093145.7977534323,
  "LUX": 5179955.934847307,
  "LVA": 15778859.734463787,
  "SLV": 7760939.769401359,
  "SWZ": -1906529.2041570125,
  "COG": 51596420.92548413,
  "FSM": 258224.69298298025,
  "KNA": 375592.9253918949,
  "LCA": 368361.8312999217,
  "MAR": 65997612.023751624,
  "MDA": 25770328.153268937,
  "MDG": 47407983.81434348,
  "MDV": 1820364.9122695047,
  "MEX": 600590151.3206092,
  "MHL": 272838.6054361114,
  "MKD": 901057.2875944058,
  "MLI": 9671216.033725435,
  "MLT": 4820094.718259902,
  "MMR": 45207330.40016849,
  "MNE": 1893699.9843666109,
  "MNG": 26206808.61821632,
  "MOZ": -4925270.911286898,
  "MRT": 12618211.864753328,
  "MUS": 7284301.952825672,
  "MWI": 16154519.807229232,
  "MYS": 294371886.90024537,
  "NAM": 34838913.95680846,
  "NER": 33714294.195649,
  "NGA": 132557710.44311932,
  "NIC": -10965087.264687205,
  "NIU": 23049.89458190538,
  "NLD": 160002353.69304863,
  "NOR": 158221980.0882392,
  "NPL": -4524735.291954141,
  "NRU": 29411.90672715743,
  "NZL": 71725999.66522077,
  "OMN": 137708944.90158916,
  "PAK": 313299853.2584302,
  "PAN": 39567061.98077002,
  "PER": -21118466.968709655,
  "PHL": 274537505.5754437,
  "PLW": -20473.901445131847,
  "PNG": -24369004.822548658,
  "POL": 309424126.6566212,
  "PRK": 6009594.118569396,
  "PRT": 69792205.41199844,
  "PRY": 87135524.87214644,
  "QAT": 224809412.50613043,
  "ROU": 74950508.24105182,
  "RUS": 1707310819.3510203,
  "RWA": 7766688.400914834,
  "SAU": 722465071.7323343,
  "STP": 241514.51731447538,
  "VCT": 152765.50590870538,
  "WSM": 391277.2419163125,
  "ARE": 298219337.1227179,
  "CHE": 15755634.484292883,
  "ESP": 219169423.4773159,
  "GBR": 271930573.2981653,
  "KOR": 582043077.7029519,
  "LKA": 38907026.79870442,
  "SDN": 56135351.56574224,
  "SEN": 4223844.932321645,
  "SGP": 103012862.92001775,
  "SLB": -5359104.3729677675,
  "SLE": 7923817.55338256,
  "SOM": 16300807.032659443,
  "SRB": 39598106.39047984,
  "SSD": 63721390.79218695,
  "SUR": -2918921.4260028354,
  "SVK": 22789644.42671521,
  "SVN": 12723426.763448343,
  "SWE": 123717505.34613334,
  "SYC": 1126389.8362905455,
  "SYR": 44737986.146701224,
  "TGO": 5190448.325262451,
  "THA": 392282605.85044,
  "TJK": 9808276.727125186,
  "TKM": 122954710.70254987,
  "TLS": 4058594.730850429,
  "TON": 578957.2493791047,
  "TTO": 32662286.948418424,
  "TUN": 43882800.59767221,
  "TUR": 554599384.3461912,
  "TUV": 38754.95258162039,
  "TZA": 240939696.15585938,
  "UGA": 43558896.62207869,
  "UKR": 271905821.5740819,
  "URY": -8192314.122664569,
  "USA": 5729084800.220219,
  "UZB": 170695504.15967768,
  "VEN": 222789496.21812758,
  "VNM": 322417465.6472596,
  "VUT": -8857097.377730262,
  "YEM": 14032524.378053907,
  "ZAF": 362111853.92199105,
  "ZMB": 47588887.69321186,
  "ZWE": 40834878.182914466
}